[{"model": "files.category", "pk": 1, "fields": {"uid": "6a376886-4fdb-4d68-a4f3-b2c978fa6b08", "add_date": "2020-04-11T18:06:32.397Z", "title": "Art", "description": "", "user": null, "is_global": false, "media_count": 0, "thumbnail": ""}}, {"model": "files.category", "pk": 2, "fields": {"uid": "3067680e-b3d9-4e8e-8d55-a868e9f2b8a5", "add_date": "2020-04-11T18:06:36.768Z", "title": "Documentary", "description": "", "user": null, "is_global": false, "media_count": 0, "thumbnail": ""}}, {"model": "files.category", "pk": 3, "fields": {"uid": "3fb841f8-2baa-4b92-890a-8ca7bcd3fa40", "add_date": "2020-04-11T18:06:42.009Z", "title": "Experimental", "description": "", "user": null, "is_global": false, "media_count": 0, "thumbnail": ""}}, {"model": "files.category", "pk": 4, "fields": {"uid": "b7a1a749-a13e-489a-adf8-ee1c514b1677", "add_date": "2020-04-11T18:06:52.826Z", "title": "Film", "description": "", "user": null, "is_global": false, "media_count": 0, "thumbnail": ""}}, {"model": "files.category", "pk": 5, "fields": {"uid": "0073814e-a4dd-42a6-a5a8-9d219606be6b", "add_date": "2020-04-11T18:06:57.486Z", "title": "Music", "description": "", "user": null, "is_global": false, "media_count": 0, "thumbnail": ""}}, {"model": "files.category", "pk": 6, "fields": {"uid": "38534d33-7116-4ce9-9d96-9cde60744b9a", "add_date": "2020-04-11T18:07:05.455Z", "title": "TV", "description": "", "user": null, "is_global": false, "media_count": 0, "thumbnail": ""}}]
